"scenario";"assessment";"rule";"rec";"initNage";"obsErr";"p05_SSB";"Median_SSB";"p95_SSB";"Mean_SSB";"Median_lastSSB";"p5_SSB";"pscaled_SSB";"percDif_SSB";"above5%Allyears_SSB";"MP_Risk";"Recovery_Risk";"Risk3";"MP_Risk_Low";"Recovery_Risk_Low";"Risk3_Low";"years_SSB_under_Blim";"years_get_SSB_up_Blim";"years_SSB_under_Blow";"years_get_SSB_up_Blow";"closure";"closure_once";"years_closure";"p05_catch";"Median_catch";"p95_catch";"average_catch";"average_sd_catch";"p5_catch";"pscaled_catch";"percDif_catch"
"ASSss3_HCR1_RECmed_INNvar_OERnaq";"ss3";"1";"med";"var";"naq";156907.221461522;449035.341692048;736045.260074774;447851.10895703;528540.988421438;0.0616666666666667;0.559;1.05800825123712;12.36;0.691666666666667;0.821666666666667;1;0.248333333333333;0.456666666666667;0.93;7.81;5.40333333333333;2.94;2.82833333333333;0.0658064516129032;0.8;2.04;1e-06;45535.6564453464;74606.4381278405;42674.7674560756;21813.3290015036;0.431;0.633;1394234005.94891
"ASSss3_HCR1_RECmix_INNvar_OERnaq";"ss3";"1";"mix";"var";"naq";101600.665579781;187386.636495343;338819.071920302;201648.648101409;122879.325064963;0.088;0.536333333333333;1.0237408119691;11.22;0.861666666666667;0.956666666666667;1;0.361666666666667;0.626666666666667;0.92;29.39;19.1758333333333;16.65;7.66366666666667;0.387741935483871;1;12.02;1e-06;1e-06;45955.7151918621;15675.193470214;18042.3273164034;0.564;0.686333333333333;4419582249.71867
"ASSss3_HCR2_RECmix_INNvar_OERnaq";"ss3";"2";"mix";"var";"naq";65657.9085854812;151006.643242736;316303.964933311;168250.285327841;74254.6128625296;0.105333333333333;0.559;1.01887449830852;10.14;0.868333333333333;0.958333333333333;1;0.42;0.641666666666667;0.95;29.98;22.938;20.99;11.2753333333333;0.0212903225806452;0.4;0.66;9435.48281376363;17881.962220699;42123.0785681617;20904.2618097021;9923.47916450596;0.590666666666667;0.601;294773467.844669
"ASSss3_HCR2_RECmed_INNvar_OERnaq";"ss3";"2";"med";"var";"naq";148711.305011198;425483.885888021;713891.953469695;425745.588168481;501566.46666396;0.0743333333333333;0.552;1.05551302343027;12.05;0.751666666666667;0.863333333333333;1;0.291666666666667;0.531666666666667;0.92;9.04;5.86733333333333;3.73;3.41166666666667;0.00193548387096774;0.02;0.06;14060;44664.6541906483;74616.5128554891;43606.780849027;18231.3800358647;0.484;0.575333333333333;12996131.5815216
